标记,id,角色ID,角色,位置,台词,下一句,背景,音效,自身动作,目标位置,目标动作,屏幕效果,bgmName
#,0,0,【派派】,左,人带来啦——,1,5,L_Attack,,,,白闪震动,BGM
#,1,,,中,办公室不算大，桌面上堆放着各式设备和等待归档的任务资料。,2,5,,,,,,
#,2,,,中,一名身材高挑的女性正站在档案柜前，缓慢而仔细地整理文件。听见开门声，她将最后一份资料放进对应位置，转过身来。,3,5,,,,,,
#,3,1,【嘉斯林】,右,你就是今天正式入职的领航者吧？欢迎。,4,5,,入场,,,,
#,4,1,【嘉斯林】,右,我是嘉斯林，主要负责小队的后勤、设备维护和现场支援。你的工位已经整理好了，任务资料也放在桌面上。如果还有什么缺的，可以随时告诉我。,5,5,,跳动,,,,
#,5,,【领航者】,中,谢谢。,6,5,,,,,,
#,6,1,【嘉斯林】,右,不用客气。对了，你要喝点什么吗？茶还是咖啡？,7,5,,,,,,
#,7,,【领航者】,中,咖啡吧。,8,5,,,,,,
#,8,1,【嘉斯林】,右,好的，请稍等。,9,5,,,,,,
#,9,,,中,嘉斯林取出杯子，开始不紧不慢地清洗起来。,10,5,,,,,,
#,10,0,【派派】,左,小鬼不用管她，等嘉斯林把水倒好，我们都该吃午饭了。,11,5,,抖动,,,,
#,11,1,【嘉斯林】,右,没有那么慢，大概只需要五分钟，不会等到午饭点的。,12,5,,抖动,,,,
#,12,3,【麦克斯希】,右,是啊，午饭吃什么。,13,5,,入场,,,,
#,13,,,中,你循声望去，这才注意到靠窗的位置还坐着一名少女。她从刚才开始就没有说过话，只是安静地查看终端上的任务记录。,14,5,,,,,,
#,14,3,【麦克斯希】,右,麦克斯希。,15,5,,,,,,
#,15,,【领航者】,中,你好，叫我领航者就好。,16,5,,,,,,
#,16,,,中,麦克斯希轻轻点头，重新看向屏幕，似乎已经完成了全部自我介绍。,17,5,,,,,,
#,17,0,【派派】,左,好啦，既然人已经送到了，接下来就该给小鬼安排工作了吧？,18,5,,,,,,
#,18,1,【嘉斯林】,右,这个恐怕需要由领航者来安排。,19,5,,,,,,
#,19,0,【派派】,左,为什么？,20,5,,,,,,
#,20,1,【嘉斯林】,右,因为从今天开始，他就是我们这支天穹探索小队的队长。,21,5,,,,,,
#,21,0,【派派】,左,啊？,22,5,L_Attack,抖动,,,,
#,22,0,【派派】,左,等等，队长？,23,5,L_Attack,抖动,,,,
#,23,0,【派派】,左,谁？,24,5,L_Attack,抖动,,,,
#,24,1,【嘉斯林】,右,领航者。,25,5,,,,,,
#,25,0,【派派】,左,他？,26,5,L_Attack,抖动,,,,
#,26,,,中,派派指了指你，又指了指自己。,27,5,,,,,,
#,27,0,【派派】,左,你的意思是，一个三个月前还要靠派派前辈亲自指导，连天穹模拟程序都没有用过的小鬼，现在成了我的队长？,28,5,,撞击,,,,
#,28,,【领航者】,中,其实我也是刚刚才知道。,29,5,,,,,,
#,29,0,【派派】,左,这肯定是人事系统出了问题。小鬼，快把任命书给我看看。,30,5,,跳动,,,,
#,30,,,中,派派一把调出你的电子任命书，从第一行看到最后一行，又从最后一行倒着看回第一行。,31,5,,,,,,
#,31,0,【派派】,左,姓名没错，编号没错，部门也没错……,32,5,,抖动,,,,
#,32,0,【派派】,左,这不对啊。,33,5,,抖动,,,,
#,33,3,【麦克斯希】,右,对的对的。,34,5,,,,,,
#,34,0,【派派】,左,你怎么知道？,35,5,,,,,,
#,35,3,【麦克斯希】,右,这是老板直接下达的任命。没有经过人事系统。,36,5,,,,,,
#,36,0,【派派】,左,那就更奇怪了！,37,5,,跳动,,,,
#,37,,,中,派派围着你转了一圈，用狐疑的目光从头到脚仔细打量着你。,38,5,,,,,,
#,38,0,【派派】,左,一个刚刚转正的小鬼，居然能让老板亲自下令任命……,39,5,,,,,,
#,39,0,【派派】,左,莫非你是什么流落民间的皇亲国戚？,40,5,,,,,,
#,40,,【领航者】,中,我的简历是从公司官网投递的。,41,5,,,,,,
#,41,0,【派派】,左,每个二代一开始都会这么说，小鬼，你不会偷偷给前辈穿小鞋吧？,42,5,,跳动,,,,
#,42,3,【麦克斯希】,右,不会。,43,5,,,,,,
#,43,0,【派派】,左,你又知道了？,44,5,,,,,,
#,44,3,【麦克斯希】,右,小于20码的仿生体专用鞋往往需要花费高价定制，显然领航者不会这么浪费。,45,5,,抖动,,,,
#,45,1,【嘉斯林】,右,派派，第一次见面就追问别人的家庭情况，不太礼貌。,46,5,,,,,,
#,46,0,【派派】,左,我这不是盘问，是合理调查。身为前辈，我有义务确认小鬼有没有通过不正当手段骑到前辈头上。,47,5,,,,,,
#,47,,【领航者】,中,如果你对任命有异议，我可以陪你去人事部门确认。,48,5,,,,,,
#,48,3,【麦克斯希】,右,没有用。,49,5,,,,,,
#,49,0,【派派】,左,为什么？,50,5,,,,,,
#,50,3,【麦克斯希】,右,老板的权限高于人事部门。,51,5,,,,,,
#,51,0,【派派】,左,我就知道！,52,5,L_Attack,抖动,,,,
#,52,3,【麦克斯希】,右,知道什么？,53,5,,,,,,
#,53,,,中,派派张了张嘴，似乎还想反驳，却一时间找不到合适的角度。,54,5,,,,,,
#,54,,,中,嘉斯林终于将咖啡放到领航者面前，又替他把散落在桌上的资料按照任务、设备和人员档案分成三摞。,55,5,,,,,,
#,55,1,【嘉斯林】,右,任命的事情以后可以慢慢确认。先熟悉一下工作吧。,56,5,,,,,,
#,56,1,【嘉斯林】,右,我们这支小队主要负责天穹内部的路线勘探、设施修复，以及部分特殊设备的运输工作。这是以前的任务记录，这一份是装备清单，这一份是三个人的基础资料。,57,5,,,,,,
#,57,0,【派派】,左,我的资料不用看。小鬼和我相处了三个月，应该已经充分认识到派派前辈有多么可靠了。,58,5,,,,,,
#,58,3,【麦克斯希】,右,你的违规记录也在里面。,59,5,,,,,,
#,59,0,【派派】,左,喂！那部分可以不看！！！,60,5,L_Attack,跳动,,,,
#,60,,,中,你坐到自己的工位前，打开桌面上的旧式终端。屏幕闪烁了几次，停留在一行红色提示上。,61,5,,,,,,
#,61,,,中,【身份协议不兼容】,62,5,,,,,,
#,62,1,【嘉斯林】,右,这台终端是探索小队早期留下的设备，内部保存着第一批天穹任务记录。不过它最近出了点问题，似乎无法识别新的身份协议。,63,5,,,,,,
#,63,1,【嘉斯林】,右,维修部门已经提交了更换申请。不过按照现在的排期，大概还要……,64,5,,,,,,
#,64,3,【麦克斯希】,右,7个工作日。,65,5,,,,,,
#,65,0,【派派】,左,这帮只会来回踢皮球的家伙，要不是老板直接发令，估计还得再多等几周。,66,5,,,,,,
#,66,0,【派派】,左,所以我们平时都用旁边那台。虽然少了一些旧资料，不过总比一块打不开的铁疙瘩强。,67,5,,,,,,
#,67,,,中,你没有回答。你盯着那行提示看了一会儿，手指下意识地落在操作面板上。,end,5,,,,,,
